<?xml version="2.0" encoding="UTF-8" standalone="yes"?>
<addon id="plugin.video.mediacube3" name="Cube[COLOR ff0084ff]TV[/COLOR]" version="1.1.6" provider-name="Media Cube">
  <requires>
    <import addon="xbmc.python" version="2.1.0"/>
    <import addon="script.module.addon.common"/>
      <import addon="script.module.pyxbmct"  />
      <import addon="script.module.requests"/>
      <import addon="script.module.dateutil"/>
      <import addon="script.tvguide.Vader"/>

  </requires>

  <extension point="xbmc.python.pluginsource"
            library="init.py">
        <provides>video</provides>
  </extension>

  <extension point="xbmc.service" library="service.py" start="login"></extension>


  <extension point="xbmc.addon.metadata">
    <summary lang="en">Media Cube</summary>
	<description lang="en">Mediacube</description>
    <platform>all</platform>
  </extension>
</addon>
