<?xml version="2.0" encoding="UTF-8" standalone="yes"?>
<addon id="plugin.video.mediacube3" name="Cube[COLOR ff0084ff]TV[/COLOR]" version="1.0.6" provider-name="Mediacube">
  <requires>
    <import addon="xbmc.python" version="2.1.0"/>
	<import addon="script.module.addon.common"/>
    <import addon="script.module.pyxbmct" version="1.1" />
    <import addon="script.module.requests" version="2.9.0"/>

  </requires>

  <extension point="xbmc.python.pluginsource"
            library="init.py">
        <provides>video</provides>
  </extension>

  <extension point="xbmc.service" library="service.py" start="login"></extension>


  <extension point="xbmc.addon.metadata">
    <summary lang="en">Premium LIVE HD TV and Sports</summary>
	<description lang="en">Mediacube</description>
    <platform>all</platform>
  </extension>
</addon>
