<?xml version="1.0" encoding="utf-8"?>
<!-- Menu Tab MOD-->
<window type="dialog">

	<allowoverlay>no</allowoverlay>
	<defaultcontrol always="true">4005</defaultcontrol>
	<!--<defaultcontrol always="true">4005</defaultcontrol>-->
	
	<coordinates>
		<system>1</system>
		<posx>0</posx>
		<posy>-33</posy>
	</coordinates>
    <controls>
    
		<control type="image">
			<posx>0</posx>
			<posy>286</posy>
			<width>1980</width>
			<height>44</height>
			<texture>menu_top_border.png</texture>	
			<animation type="WindowOpen">
				<effect type="fade" start="0" end="100" time="500" tween="sine" easing="out"/>
				<effect type="slide" start="0,20" end="0,0" time="300"/>
			</animation>
			<animation type="WindowClose">
				<effect type="fade" start="100" end="0" time="100" tween="sine" easing="out"/>
				<effect type="slide" start="0,0" end="0,20" time="300"/>
			</animation>
		</control>				
		<!-- ----------- Logo ----------- -->
        <control type="image" id="4100">
            <posx>40</posx>
            <posy>200</posy>
            <width>240</width>
            <height>80</height>
            <aspectratio>keep</aspectratio>
			<visible>false</visible>
        </control>       
		<!-- ----------- Title ----------- -->
        <control type="label" id="4101">
            <posx>40</posx>
            <posy>200</posy>
            <width>240</width>
            <height>30</height>
            <align>center</align>
            <font>font15</font>
            <textcolor>ffffffff</textcolor>       
			<visible>false</visible>
        </control>
        <control type="button" id="4000">
            <posx>40</posx>
            <posy>253</posy>
            <width>200</width>
            <height>28</height>
            <texturefocus>menu-grey-focus.png</texturefocus>
            <texturenofocus>menu-grey.png</texturenofocus>
			<onup>4004</onup>
            <onright>4001</onright>
			<onleft>4005</onleft>
			<ondown>4004</ondown>
            <align>center</align>
            <font>font12</font>
			<wrapmultiline>true</wrapmultiline>	
			<visible>false</visible>
			<animation type="WindowOpen">
				<effect type="fade" start="0" end="100" time="500" tween="sine" easing="out"/>
				<effect type="slide" start="0,20" end="0,0" time="300"/>
			</animation>
			<animation type="WindowClose">
				<effect type="fade" start="100" end="0" time="300" tween="sine" easing="out"/>
				<effect type="slide" start="0,0" end="0,20" time="300"/>
			</animation>
        </control>


<!-- ============================================================ -->

        
		<!-- ----------- Close Menu ----------- -->
        <control type="button" id="30440">
            <posx>45</posx>
            <posy>297</posy>
            <width>20</width>
            <height>20</height>
			<aspectratio>scale</aspectratio>
            <texturefocus>button_exit_over.png</texturefocus>
            <texturenofocus>button_exit.png</texturenofocus>  
            <onup>4001</onup>
            <ondown>4001</ondown>
			<onright>30441</onright>
            <onleft>30012</onleft>
            <label></label>
			<visible>true</visible>				
			<animation type="WindowOpen">
				<effect type="fade" start="0" end="100" time="500" tween="sine" easing="out"/>
				<effect type="slide" start="0,20" end="0,0" time="300"/>
			</animation>
			<animation type="WindowClose">
				<effect type="fade" start="100" end="0" time="300" tween="sine" easing="out"/>
				<effect type="slide" start="0,0" end="0,20" time="300"/>
			</animation>
        </control>




		<!-- ----------- UK CALENDAR  ----------- -->
		<control type="button" id="30441">
            <posx>75</posx>
            <posy>295</posy>
            <width>110</width>
            <height>25</height>
            <texturefocus>tvguide-program-menu-focus.png</texturefocus>
            <texturenofocus></texturenofocus>
            <onleft>30440</onleft>
            <onright>4005</onright>
			<onup>40044</onup>
			<ondown>40044</ondown>
            <align>center</align>
            <font>font12</font>
			<textcolor>ffffffff</textcolor>
			<label>UK Calendar</label>
			<visible>true</visible>			
            <onclick>ActivateWindow(10025,&quot;plugin://plugin.video.cubetv/?date&amp;description&amp;iconimage=http%3a%2f%2fstreamtvbox.club%2fapk%2fcat_images%2fukcalendar.png&amp;mode=2009&amp;name=%5bCOLOR%20lime%5d.View%20Calendar%5b%2fCOLOR%5d&amp;page&amp;play&amp;url=http%3a%2f%2fsportsmania.eu%2fsites%2fukcalendar.html&quot;,return)</onclick>
			<animation type="WindowOpen">
				<effect type="fade" start="0" end="100" time="500" tween="sine" easing="out"/>
				<effect type="slide" start="0,20" end="0,0" time="300"/>
			</animation>
			<animation type="WindowClose">
				<effect type="fade" start="100" end="0" time="300" tween="sine" easing="out"/>
				<effect type="slide" start="0,0" end="0,20" time="300"/>
			</animation>
        </control>        
         <control type="image" id="30020">
            <posx>185</posx>
            <posy>275</posy>
            <width>5</width>
            <height>45</height>
            <texture>separator.png</texture>
            <animation type="WindowOpen">
				<effect type="fade" start="0" end="100" time="500" tween="sine" easing="out"/>
				<effect type="slide" start="0,20" end="0,0" time="300"/>
			</animation>
			<animation type="WindowClose">
				<effect type="fade" start="100" end="0" time="300" tween="sine" easing="out"/>
				<effect type="slide" start="0,0" end="0,20" time="300"/>
			</animation>
        </control>
 


 		<!-- ----------- US CALENDAR ----------- -->
		<control type="button" id="4005">
            <posx>190</posx>
            <posy>295</posy>
            <width>110</width>
            <height>25</height>
            <texturefocus>tvguide-program-menu-focus.png</texturefocus>
            <texturenofocus></texturenofocus>
            <onleft>30441</onleft>
            <onright>4002</onright>
			<onup>40044</onup>
			<ondown>40044</ondown>
            <align>center</align>
            <font>font12</font>
			<textcolor>ffffffff</textcolor>
			<label>US Calendar</label>
			<onclick>ActivateWindow(10025,&quot;plugin://plugin.video.cubetv/?date&amp;description&amp;iconimage=http%3a%2f%2fstreamtvbox.club%2fapk%2fcat_images%2fusacalendar.png&amp;mode=2009&amp;name=%5bCOLOR%20lime%5d.View%20USA%20Calendar%5b%2fCOLOR%5d&amp;page&amp;play&amp;url=http%3a%2f%2fsportsmania.eu%2fsites%2fusacalendar.html&quot;,return)</onclick>
			<visible>true</visible>			
			<animation type="WindowOpen">
				<effect type="fade" start="0" end="100" time="500" tween="sine" easing="out"/>
				<effect type="slide" start="0,20" end="0,0" time="300"/>
			</animation>
			<animation type="WindowClose">
				<effect type="fade" start="100" end="0" time="300" tween="sine" easing="out"/>
				<effect type="slide" start="0,0" end="0,20" time="300"/>
			</animation>
        </control>
        <control type="image" id="30020">
            <posx>300</posx>
            <posy>275</posy>
            <width>5</width>
            <height>45</height>
            <texture>separator.png</texture>
            <animation type="WindowOpen">
				<effect type="fade" start="0" end="100" time="500" tween="sine" easing="out"/>
				<effect type="slide" start="0,20" end="0,0" time="300"/>
			</animation>
			<animation type="WindowClose">
				<effect type="fade" start="100" end="0" time="300" tween="sine" easing="out"/>
				<effect type="slide" start="0,0" end="0,20" time="300"/>
			</animation>
        </control>
        
        	       
	       
		<!-- ----------- Remind Text ----------- -->
        <control type="label" id="4102">
            <posx>730</posx>
            <posy>50</posy>
            <width>240</width>
            <height>30</height>
            <align>center</align>
            <font>font12</font>
            <textcolor>ff00edff</textcolor>
			<visible>false</visible>
        </control>
		<!-- ----------- Remind Text ----------- -->
        <control type="label" id="4102">
            <posx>380</posx>
            <posy>329</posy>
            <width>323</width>
            <height>30</height>
            <align>center</align>
            <font>font12</font>
            <textcolor>ff00edff</textcolor>
			<scroll>true</scroll>
            <visible>[Control.HasFocus(4000) | Control.HasFocus(4002)]</visible>
			<visible>false</visible>
        </control>
		<!-- ----------- Remind ----------- -->
        <control type="button" id="4002">
            <posx>307</posx>
            <posy>295</posy>
            <width>145</width>
            <height>25</height>
            <texturefocus>tvguide-program-menu-focus.png</texturefocus>
            <texturenofocus></texturenofocus>
            <onleft>4005</onleft>
            <onright>4001</onright>
			<onup>40044</onup>
			<ondown>40044</ondown>
            <align>center</align>
            <font>font12</font>
            <textcolor>ffffffff</textcolor>
            <label>Set a Reminder</label>
			<animation type="WindowOpen">
				<effect type="fade" start="0" end="100" time="500" tween="sine" easing="out"/>
				<effect type="slide" start="0,20" end="0,0" time="300"/>
			</animation>
			<animation type="WindowClose">
				<effect type="fade" start="100" end="0" time="300" tween="sine" easing="out"/>
				<effect type="slide" start="0,0" end="0,20" time="300"/>
			</animation>
        </control>
        <control type="image" id="30020">
            <posx>454</posx>
            <posy>275</posy>
            <width>5</width>
            <height>45</height>
            <texture>separator.png</texture>
            <animation type="WindowOpen">
				<effect type="fade" start="0" end="100" time="500" tween="sine" easing="out"/>
				<effect type="slide" start="0,20" end="0,0" time="300"/>
			</animation>
			<animation type="WindowClose">
				<effect type="fade" start="100" end="0" time="300" tween="sine" easing="out"/>
				<effect type="slide" start="0,0" end="0,20" time="300"/>
			</animation>
        </control>  
  


	
		<!-- ----------- Choose/Remove Stream ----------- -->
        <control type="button" id="4001">
            <posx>460</posx>
            <posy>295</posy>
            <width>145</width>
            <height>25</height>
            <texturefocus>tvguide-program-menu-focus.png</texturefocus>
            <texturenofocus></texturenofocus>
            <onleft>4002</onleft>
            <onright>4003</onright>
			<onup>40044</onup>
			<ondown>40044</ondown>
            <align>center</align>
            <font>font12</font>
            <textcolor>ffffffff</textcolor>			
            <label>$ADDON[plugin.video.cubetvguide 30304]</label>
			<visible>true</visible>
			<animation type="WindowOpen">
				<effect type="fade" start="0" end="100" time="500" tween="sine" easing="out"/>
				<effect type="slide" start="0,20" end="0,0" time="300"/>
			</animation>
			<animation type="WindowClose">
				<effect type="fade" start="100" end="0" time="300" tween="sine" easing="out"/>
				<effect type="slide" start="0,0" end="0,20" time="300"/>
			</animation>
        </control>
        <control type="image" id="30020">
            <posx>606</posx>
            <posy>275</posy>
            <width>5</width>
            <height>45</height>
            <texture>separator.png</texture>
            <animation type="WindowOpen">
				<effect type="fade" start="0" end="100" time="500" tween="sine" easing="out"/>
				<effect type="slide" start="0,20" end="0,0" time="300"/>
			</animation>
			<animation type="WindowClose">
				<effect type="fade" start="100" end="0" time="300" tween="sine" easing="out"/>
				<effect type="slide" start="0,0" end="0,20" time="300"/>
			</animation>
        </control>  
        
        
		<!-- ----------- Channels ----------- -->
		<control type="button" id="4003">
            <posx>611</posx>
            <posy>295</posy>
            <width>90</width>
            <height>25</height>
            <texturefocus>tvguide-program-menu-focus.png</texturefocus>
            <texturenofocus></texturenofocus>
            <onleft>4001</onleft>
            <onright>30450</onright>
			<onup>40044</onup>
			<ondown>40044</ondown>
            <align>center</align>
            <font>font12</font>
            <textcolor>ffffffff</textcolor>
			<label>$ADDON[plugin.video.cubetvguide 30307]</label>
			<visible>true</visible>
			<animation type="WindowOpen">
				<effect type="fade" start="0" end="100" time="500" tween="sine" easing="out"/>
				<effect type="slide" start="0,20" end="0,0" time="300"/>
			</animation>
			<animation type="WindowClose">
				<effect type="fade" start="100" end="0" time="300" tween="sine" easing="out"/>
				<effect type="slide" start="0,0" end="0,20" time="300"/>
			</animation>
        </control>        
        <control type="image" id="30020">
            <posx>702</posx>
            <posy>275</posy>
            <width>5</width>
            <height>45</height>
            <texture>separator.png</texture>
            <animation type="WindowOpen">
				<effect type="fade" start="0" end="100" time="500" tween="sine" easing="out"/>
				<effect type="slide" start="0,20" end="0,0" time="300"/>
			</animation>
			<animation type="WindowClose">
				<effect type="fade" start="100" end="0" time="300" tween="sine" easing="out"/>
				<effect type="slide" start="0,0" end="0,20" time="300"/>
			</animation>
        </control>  
        
        

		<!-- ----------- Settings ----------- -->
		<control type="button" id="30450">
            <posx>707</posx>
            <posy>295</posy>
            <width>90</width>
            <height>25</height>
            <texturefocus>tvguide-program-menu-focus.png</texturefocus>
            <texturenofocus></texturenofocus>
            <onleft>4003</onleft>
            <onright>30451</onright>
			<onup>40044</onup>
			<ondown>40044</ondown>
            <align>center</align>
            <font>font12</font>
            <textcolor>ffffffff</textcolor>
			<label>Settings</label>
            <onclick>Addon.OpenSettings(plugin.video.cubetvguide)</onclick>
			<animation type="WindowOpen">
				<effect type="fade" start="0" end="100" time="500" tween="sine" easing="out"/>
				<effect type="slide" start="0,20" end="0,0" time="300"/>
			</animation>
			<animation type="WindowClose">
				<effect type="fade" start="100" end="0" time="300" tween="sine" easing="out"/>
				<effect type="slide" start="0,0" end="0,20" time="300"/>
			</animation>
        </control>        
         <control type="image" id="30020">
            <posx>796</posx>
            <posy>275</posy>
            <width>5</width>
            <height>45</height>
            <texture>separator.png</texture>
            <animation type="WindowOpen">
				<effect type="fade" start="0" end="100" time="500" tween="sine" easing="out"/>
				<effect type="slide" start="0,20" end="0,0" time="300"/>
			</animation>
			<animation type="WindowClose">
				<effect type="fade" start="100" end="0" time="300" tween="sine" easing="out"/>
				<effect type="slide" start="0,0" end="0,20" time="300"/>
			</animation>
        </control>

        
	    <!-- ----------- NFL ----------- -->
		<control type="button" id="30451">
            <posx>810</posx>
            <posy>290</posy>
            <width>35</width>
            <height>35</height>
            <texturefocus>button_channels_over.png</texturefocus>
            <texturenofocus>button_channels.png</texturenofocus>
            <onclick>ActivateWindow(10025,&quot;plugin://plugin.video.cubetv/?date&amp;description&amp;iconimage=http%3a%2f%2fstreamtvbox.club%2fapk%2fcat_images%2fnfl.png&amp;mode=4&amp;name=NFL&amp;page&amp;play&amp;url=36&quot;,return)</onclick>
            <onleft>30450</onleft>
            <onright>30452</onright>
			<onup>40044</onup>
			<ondown>40044</ondown>
            <align>center</align>
            <font>font12</font>
            <textcolor>ffffffff</textcolor>
            <label></label>
			<animation type="WindowOpen">
				<effect type="fade" start="0" end="100" time="500" tween="sine" easing="out"/>
				<effect type="slide" start="0,20" end="0,0" time="300"/>
			</animation>
			<animation type="WindowClose">
				<effect type="fade" start="100" end="0" time="300" tween="sine" easing="out"/>
				<effect type="slide" start="0,0" end="0,20" time="300"/>
			</animation>
        </control>	

        
		
	    <!-- ----------- MLB ----------- -->
		<control type="button" id="30452">
            <posx>850</posx>
            <posy>290</posy>
            <width>35</width>
            <height>35</height>
            <texturefocus>button_radio_over.png</texturefocus>
            <texturenofocus>button_radio.png</texturenofocus>
            <onleft>30451</onleft>
            <onright>30454</onright>
			<onup>40044</onup>
			<ondown>40044</ondown>
            <align>center</align>
            <font>font12</font>
            <textcolor>ffffffff</textcolor>
            <!--<onclick>ActivateWindow(10025,&quot;special://home/addons/plugin.video.cubetvguide/resources/Radio.m3u&quot;,return)</onclick>-->
            <onclick>ActivateWindow(10025,&quot;plugin://plugin.video.cubetv/?date&amp;description&amp;iconimage=http%3a%2f%2fstreamtvbox.club%2fapk%2fcat_images%2fmlb.png&amp;mode=4&amp;name=MLB&amp;page&amp;play&amp;url=47&quot;,return)</onclick>
            <label></label>
			<animation type="WindowOpen">
				<effect type="fade" start="0" end="100" time="500" tween="sine" easing="out"/>
				<effect type="slide" start="0,20" end="0,0" time="300"/>
			</animation>
			<animation type="WindowClose">
				<effect type="fade" start="100" end="0" time="300" tween="sine" easing="out"/>
				<effect type="slide" start="0,0" end="0,20" time="300"/>
			</animation>
        </control>	
        
	

	    <!-- -----------NHL----------- -->
		<control type="button" id="30454">
            <posx>890</posx>
            <posy>290</posy>
            <width>35</width>
            <height>35</height>
            <texturefocus>button_filemanager_over.png</texturefocus>
            <texturenofocus>button_filemanager.png</texturenofocus>
            <!--<onclick>ActivateWindow(FileManager, return)</onclick>-->
            <!--<onclick>ActivateWindow(10003,&quot;special://profile/addon_data/plugin.video.cubetvguide/&quot;,return)</onclick>-->
            <onclick>ActivateWindow(10025,&quot;plugin://plugin.video.cubetv/?date&amp;description&amp;iconimage=http%3a%2f%2fstreamtvbox.club%2fapk%2fcat_images%2fnhl.png&amp;mode=4&amp;name=NHL&amp;page&amp;play&amp;url=43&quot;,return)</onclick>            
            <onleft>30452</onleft>
            <onright>30455</onright>
			<onup>40044</onup>
			<ondown>40044</ondown>
            <align>center</align>
            <font>font12</font>
            <textcolor>ffffffff</textcolor>
            <label></label>
			<animation type="WindowOpen">
				<effect type="fade" start="0" end="100" time="500" tween="sine" easing="out"/>
				<effect type="slide" start="0,20" end="0,0" time="300"/>
			</animation>
			<animation type="WindowClose">
				<effect type="fade" start="100" end="0" time="300" tween="sine" easing="out"/>
				<effect type="slide" start="0,0" end="0,20" time="300"/>
			</animation>
        </control>	

		
	    <!-- ----------- NBA----------- -->
		<control type="button" id="30455">
            <posx>930</posx>
            <posy>290</posy>
            <width>35</width>
            <height>35</height>
            <texturefocus>button_tv_over.png</texturefocus>
            <texturenofocus>button_tv.png</texturenofocus>
            <onclick>ActivateWindow(10025,&quot;plugin://plugin.video.cubetv/?date&amp;description&amp;iconimage=http%3a%2f%2fstreamtvbox.club%2fapk%2fcat_images%2fnba.png&amp;mode=4&amp;name=NBA&amp;page&amp;play&amp;url=41&quot;,return)</onclick>
            <onleft>30454</onleft>
            <onright>30010</onright>
			<onup>40044</onup>
			<ondown>40044</ondown>
            <align>center</align>
            <font>font12</font>
            <textcolor>ffffffff</textcolor>
            <label></label>
			<animation type="WindowOpen">
				<effect type="fade" start="0" end="100" time="500" tween="sine" easing="out"/>
				<effect type="slide" start="0,20" end="0,0" time="300"/>
			</animation>
			<animation type="WindowClose">
				<effect type="fade" start="100" end="0" time="300" tween="sine" easing="out"/>
				<effect type="slide" start="0,0" end="0,20" time="300"/>
			</animation>
        </control>	


	    <!--
		<control type="button" id="30456">
            <posx>1153</posx>
            <posy>295</posy>
            <width>30</width>
            <height>25</height>
            <onleft>30455</onleft>
            <onright>30010</onright>
			<onup>40044</onup>
			<ondown>40044</ondown>
            <align>center</align>
            <font>font12</font>
            <textcolor>ffffffff</textcolor>
            <label></label>
            <texturefocus>button_fire_over.png</texturefocus>
            <texturenofocus>button_fire.png</texturenofocus>
            <onclick>PlayMedia(&quot;plugin://plugin.video.youtube/play/?video_id=ABchBDajyw8&quot;)</onclick>
            <visible>System.HasAddon(plugin.video.youtube)</visible>            
			<animation type="WindowOpen">
				<effect type="fade" start="0" end="100" time="500" tween="sine" easing="out"/>
				<effect type="slide" start="0,20" end="0,0" time="300"/>
			</animation>
			<animation type="WindowClose">
				<effect type="fade" start="100" end="0" time="300" tween="sine" easing="out"/>
				<effect type="slide" start="0,0" end="0,20" time="300"/>
			</animation>
        </control>	-->

	
		
	    <!-- ----------- STVB PLUGIN ----------- -->
		<control type="button" id="30010">
            <posx>970</posx>
            <posy>293</posy>
            <width>56</width>
            <height>28</height>
            <texturefocus>button_1_over.png</texturefocus>
            <texturenofocus>button_1.png</texturenofocus>
            <onleft>30455</onleft>
            <onright>30011</onright>
			<onup>40044</onup>
			<ondown>40044</ondown>
            <align>center</align>
            <font>font12</font>
            <textcolor>ffffffff</textcolor>
            <label></label>
			<onclick>RunAddon(plugin.video.cubetv)</onclick>
			<animation type="WindowOpen">
				<effect type="fade" start="0" end="100" time="500" tween="sine" easing="out"/>
				<effect type="slide" start="0,20" end="0,0" time="300"/>
			</animation>
			<animation type="WindowClose">
				<effect type="fade" start="100" end="0" time="300" tween="sine" easing="out"/>
				<effect type="slide" start="0,0" end="0,20" time="300"/>
			</animation>
        </control>	

		
		<!-- ----------- EVENTS ----------- -->
		<control type="button" id="30011">
            <posx>1031</posx>
            <posy>293</posy>
            <width>56</width>
            <height>28</height>
            <texturefocus>button_2_over.png</texturefocus>
            <texturenofocus>button_2.png</texturenofocus>
            <onleft>30010</onleft>
            <onright>30453</onright>
			<onup>40044</onup>
			<ondown>40044</ondown>
            <align>center</align>
            <font>font12</font>
            <textcolor>ffffffff</textcolor>
            <label></label>
			<onclick>ActivateWindow(10025,&quot;plugin://plugin.video.cubetv/?date&amp;description&amp;iconimage=http%3a%2f%2fstreamtvbox.club%2fapk%2fcat_images%2fevents.png&amp;mode=4&amp;name=Events&amp;page&amp;play&amp;url=45&quot;,return)</onclick>
			<animation type="WindowOpen">
				<effect type="fade" start="0" end="100" time="500" tween="sine" easing="out"/>
				<effect type="slide" start="0,20" end="0,0" time="300"/>
			</animation>
			<animation type="WindowClose">
				<effect type="fade" start="100" end="0" time="300" tween="sine" easing="out"/>
				<effect type="slide" start="0,0" end="0,20" time="300"/>
			</animation>
        </control>
        
        
	    <!-- ----------- Clear Cache ----------- -->
		<control type="button" id="30453">
            <posx>1092</posx>
            <posy>293</posy>
            <width>56</width>
            <height>28</height>
            <onclick>RunScript(special://home/addons/plugin.video.cubetvguide/resources/maintenance/Clear_Cache.py)</onclick>
            <texturefocus>button_clean_over.png</texturefocus>
            <texturenofocus>button_clean.png</texturenofocus>
            <onleft>30011</onleft>
            <onright>30441</onright>
			<onup>40044</onup>
			<ondown>40044</ondown>
            <align>center</align>
            <font>font12</font>
            <textcolor>ffffffff</textcolor>
            <label></label>
			<animation type="WindowOpen">
				<effect type="fade" start="0" end="100" time="500" tween="sine" easing="out"/>
				<effect type="slide" start="0,20" end="0,0" time="300"/>
			</animation>
			<animation type="WindowClose">
				<effect type="fade" start="100" end="0" time="300" tween="sine" easing="out"/>
				<effect type="slide" start="0,0" end="0,20" time="300"/>
			</animation>
        </control>	

    </controls>
</window>
