<?xml version="1.0" encoding="UTF-8" standalone="yes"?>
<addon id="plugin.video.cubetv" name="CUBE TV" version="0.0.2" provider-name="Nobody">
 <requires>
   <import addon="xbmc.python" version="2.1.0"/>
 </requires>
  <extension point="xbmc.python.pluginsource"
            library="default.py">
        <provides>video</provides>
  </extension>
  <extension point="xbmc.addon.metadata">
    <summary lang="en">CUBE TV Channel Categories</summary>
    <description lang="en">CUBE TV Channel Categories</description>
    <platform>all</platform>
  </extension>
</addon>
