<?xml version="1.0" encoding="UTF-8" standalone="yes"?>
<addon id="plugin.video.cubetvguide" name="CUBE TV Guide" version="0.1.0" provider-name="Rolica, XunityTalk">
	<requires>
		<import addon="xbmc.python" version="2.1.0"/>
		<import addon="script.module.simplejson" version="0.0.1"/>
		<import addon="plugin.video.cubetv" version="0.0.1"/>
	</requires>
	<extension point="xbmc.python.script" library="addon.py">
            <provides>video</provides>
    </extension>
    <extension point="xbmc.service" library="service.py" start="login"/>
	<extension point="xbmc.addon.metadata">
		<summary lang="en">CUBE TV Guide allows you to combine your CUBE TV service with a fully working EPG</summary>
		<description lang="en">CUBE TV Guide allows you to combine your CUBE TV service with a fully working EPG.[CR][CR][COLOR hotpink]You need to have an active subscription to[/COLOR] [COLOR dodgerblue]CUBE TV[/COLOR] [COLOR hotpink]and have the plugin already installed.[/COLOR]</description>
		<disclaimer lang="en">CUBE TV Guide is based on the original TV Guide addon by twinther.</disclaimer>
		<language></language>
		<platform>all</platform>
		<license>GPLv2</license>
		<forum>http://rolica.co.uk/forum/</forum>
		<source>https://github.com/bluezed/FTV-Guide-Repo</source>
        <website></website>
		<email></email>
	</extension>
</addon>