<?xml version="1.0" encoding="UTF-8" standalone="yes"?>
<addon id="plugin.video.cubetv" name="CUBE TV" version="0.0.4" provider-name="Mikey1234">
  <requires>
    <import addon="xbmc.python" version="2.1.0"/>
    <import addon="script.module.urlresolver" version="0.0.1"/>
  </requires>
  <extension point="xbmc.python.pluginsource" library="default.py">
        <provides>video</provides>
  </extension>
  <extension point="xbmc.addon.metadata">
    <summary lang="en">Cube TV Streams</summary>
    <description lang="en">Stream all of your favourites live sports,movies and tv from Cube TV</description>
    <platform>all</platform>
  </extension>
</addon>
