<?xml version="1.0" encoding="utf-8"?>
<window type="dialog">
	<allowoverlay>no</allowoverlay>
	<defaultcontrol always="true">4017</defaultcontrol>
	<coordinates>
		<system>1</system>
		<posx>0</posx>
		<posy>0</posy>
	</coordinates>

	<controls>

		<control type="image">
			<posx>0</posx>
			<posy>0</posy>
			<width>1280</width>
			<height>720</height>
			<texture>c_background.png</texture>
			<visible>true</visible>
		</control>
		<control type="label">
			<description>time label</description>
			<posx>55</posx>
			<posy>10</posy>
			<width>380</width>
			<height>30</height>
			<font>font10_title</font>
			<align>left</align>
			<aligny>center</aligny>
			<textcolor>white</textcolor>
			<shadowcolor>black</shadowcolor>
			<label>[UPPERCASE][/UPPERCASE]</label>
		</control>

	    <control type="button" id="4013">
            <description>extended info</description>
            <posx>320</posx>
            <posy>200</posy>
            <width>25</width>
            <height>25</height>
            <texturefocus>infof.png</texturefocus>
            <texturenofocus>info.png</texturenofocus>
            <onup></onup>
            <ondown>4000</ondown>
            <onleft></onleft>
			<onright>4017</onright>
            <align>center</align>
            <aligny>center</aligny>
            <visible>true</visible>
        </control>
	    <control type="button" id="4017">
            <description>catchup addon</description>
            <posx>880</posx>
            <posy>180</posy>
            <width>80</width>
            <height>80</height>
            <texturefocus>c_play.png</texturefocus>
            <texturenofocus>c_playf.png</texturenofocus>
            <onup></onup>
            <ondown>4000</ondown>
            <onleft>4013</onleft>
			<onright>4000</onright>
            <align>center</align>
            <aligny>center</aligny>
            <font>font13</font>
            <textcolor></textcolor>
            <focusedcolor></focusedcolor>
            <label>Catchup Addon</label>
            <visible>true</visible>
        </control>
			<control type="button" id="4000">
				<!-- Play Live -->
				<posx>944</posx>
                <posy>525</posy>
				<width>50</width>
				<height>45</height>
				<onup>4017</onup>
				<ondown>4017</ondown>
				<onleft>4017</onleft>
				<onright></onright>
				<texturefocus>c_playb.png</texturefocus>
				<texturenofocus>c_play1.png</texturenofocus>
				<align>center</align>
				<aligny>center</aligny>
				<font>font10_title</font>
				<textcolor></textcolor>
				<focusedcolor></focusedcolor>
				<label>Play </label>
				<visible>true</visible>
			</control>
			
		<control type="image">
			<posx>960</posx>
			<posy>548</posy>
			<width>60</width>
			<height>30</height>
			<texture>c_live.png</texture>
		</control>
		
		<control type="image">
			<posx>879</posx>
			<posy>215</posy>
			<width>95</width>
			<height>50</height>
			<texture>text.png1</texture>
		</control>
		<control type="image" id="7002">
			<description>program image</description>
			<posx>810</posx>
			<posy>110</posy>
			<width>360</width>
			<height>200</height>
			<align>left</align>
			<aligny>top</aligny>
			<aspectratio>keep</aspectratio>
			<texture>-</texture>
			<visible>!Player.HasMedia</visible>
			<visible>false</visible>
		</control>
		<control type="videowindow">
			<description>program image</description>
			<posx>810</posx>
			<posy>110</posy>
			<width>360</width>
			<height>200</height>
			<align>left</align>
			<aligny>top</aligny>
			<aspectratio>keep</aspectratio>
			<visible>false</visible>
		</control>
		<control type="label" id="7001">
			<description>program title</description>
			<posx>250</posx>
			<posy>165</posy>
			<width>710</width>
			<height>50</height>
			<textcolor>white</textcolor>
			<shadowcolor></shadowcolor>
			<font>font13_title</font>
			<align>left</align>
			<aligny>top</aligny>
			<label/>
		</control>
		<control type="image">
			<posx>250</posx>
			<posy>198</posy>
			<width>110</width>
			<height>2</height>
			<texture>progress1.png</texture>
			<visible>true</visible>
		</control>

		<control type="image">
			<posx>250</posx>
			<posy>262</posy>
			<width>110</width>
			<height>2</height>
			<texture>progress1.png</texture>
			<visible>true</visible>
		</control>

            <control type="label" id="4103">
                <description>Current Program Duration</description>
                <posx>250</posx>
                <posy>269</posy>
                <width>200</width>
                <height>40</height>
                <aligny></aligny>
                <textcolor>blue</textcolor>
                <font>font13</font>
                <label></label>
                <visible>true</visible>
            </control>

		<control type="label" id="7003">
			<description>program date and time</description>
			<posx>250</posx>
			<posy>239</posy>
			<width>710</width>
			<height>50</height>
			<textcolor>blue</textcolor>
			<font>font10</font>
			<align>left</align>
			<aligny>top</aligny>
			<label></label>
		</control>

		<control type="label" id="7000">
			<description>program description</description>
			<posx>250</posx>
			<posy>300</posy>
			<width>780</width>
			<height>148</height>
			<textcolor>grey</textcolor>
			<font>font13</font>
			<align>justify</align>
			<aligny>top</aligny>
			<wrapmultiline>true</wrapmultiline>
			<autoscroll time="600" delay="60" repeat="6000">true</autoscroll>
			<label/>
		</control>

		<control type="label" id="4101">
			<description>channel title</description>
			<posx>250</posx>
			<posy>209</posy>
			<width>240</width>
			<height>50</height>
			<align>left</align>
			<aligny>center</aligny>
			<font>font10</font>
			<textcolor>grey</textcolor>
			<visible>true</visible>
			<label>-</label>
		</control>
		<control type="image" id="4100">
			<description>channel logo</description>
			<posx>245</posx>
			<posy>204</posy>
			<width>75</width>
			<height>20</height>
			<!--<posx>188r</posx>
			<posy>12</posy>
			<width>176</width>
			<height>40</height>-->
			<align>center</align>
			<aligny>bottom</aligny>
			<aspectratio>keep</aspectratio>
			<visible>true</visible>
		</control>
		<control type="image">
			<description>program background</description>
			<posx>540</posx>
			<posy>10</posy>
			<width>730</width>
			<height>700</height>
			<texture>black-back.png</texture>
			<visible>false</visible>
		</control>
		<control type="image" id="7002">
			<description>program image</description>
			<posx>810</posx>
			<posy>110</posy>
			<width>700</width>
			<height>260</height>
			<align>left</align>
			<aligny>top</aligny>
			<aspectratio>keep</aspectratio>
			<texture>-</texture>
			<visible>false</visible>
		</control>
		<control type="videowindow">
			<description>program image</description>
			<posx>810</posx>
			<posy>110</posy>
			<width>360</width>
			<height>200</height>
			<align>left</align>
			<aligny>top</aligny>
			<aspectratio>keep</aspectratio>
			<visible>false</visible>
		</control>
		<control type="label" id="7001">
			<description>program title</description>
			<posx>550</posx>
			<posy>50</posy>
			<width>710</width>
			<height>50</height>
			<textcolor>white</textcolor>
			<font>font13_title</font>
			<align>left</align>
			<aligny>top</aligny>
			<label/>
		</control>
		<control type="label" id="7003">
			<description>program date and time</description>
			<posx>1260</posx>
			<posy>50</posy>
			<width>710</width>
			<height>50</height>
			<textcolor>white</textcolor>
			<font>font13_title</font>
			<align>right</align>
			<aligny>top</aligny>
			<label></label>
		</control>
		
		
		<control type="grouplist" id="40030">
			<posx>160</posx>
			<posy>225</posy>
			<itemgap>5</itemgap>
			<onup>7004</onup>
			<onleft>40010</onleft>
			<height>540</height>
			<orientation>horizontal</orientation>
			<visible>Control.HasFocus(4112) | Control.HasFocus(40171) | Control.HasFocus(4001) | Control.HasFocus(4011) | Control.HasFocus(4002) | Control.HasFocus(4012) | Control.HasFocus(4113)</visible>
			<animation effect="slide" start="-640,0" end="0,0" time="500">Visible</animation>
			<animation effect="slide" start="0,0" end="1140,0" time="600">Hidden</animation>
			<control type="button" id="4002">
				<width>150</width>
				<height>200</height>
				<texturefocus>reminderf.png</texturefocus>
				<texturenofocus>reminder.png</texturenofocus>
				<onup>4112</onup>
				<align>center</align>
				<aligny>center</aligny>
				<font>font10_title</font>
				<textcolor>white</textcolor>
				<focusedcolor>white</focusedcolor>
				<label></label>
			</control>
		</control>
		
		<control type="grouplist" id="40010">
			<posx>315</posx>
			<posy>165</posy>
			<itemgap>400</itemgap>
			<onup></onup>
			<height>540</height>
			<width>1025</width>
			<orientation>horizontal</orientation>
			
			<control type="button" id="4005">
			<!-- watch from beginning -->
				<width>200</width>
				<height>40</height>
				<texturefocus>tvg-menu-focus.png</texturefocus>
				<texturenofocus>tvg-menu-nofocus.png</texturenofocus>
				<align>center</align>
				<aligny>center</aligny>
				<font>font10_title</font>
			    <ondown>8000053</ondown>
				<textcolor>white</textcolor>
				<focusedcolor>white</focusedcolor>
				<label>Catch-Up</label>
				<visible>false</visible>
			</control>

			<control type="button" id="4008">
				<description>autoplay</description>
				<width>200</width>
				<height>40</height>
				<texturefocus>tvg-menu-focus.png</texturefocus>
				<texturenofocus>tvg-menu-nofocus.png</texturenofocus>
				<align>center</align>
				<aligny>center</aligny>
				<font>font10_title</font>
				<textcolor>white</textcolor>
				<focusedcolor>white</focusedcolor>
				<label>AutoPlay</label>
				<visible>false</visible>
			</control>
						
		</control>

		<control type="button" id="4006">
			<!-- super favourites -->
			<posx>285</posx>
			<posy>20</posy>
			<width>200</width>
			<height>40</height>
			<texturefocus>tvg-menu-focus.png</texturefocus>
			<texturenofocus>tvg-menu-nofocus.png</texturenofocus>
			<onup>7004</onup>
			<ondown>4005</ondown>
			<onleft>7004</onleft>
			<align>center</align>
			<aligny>center</aligny>
			<font>font13</font>
			<textcolor>white</textcolor>
			<focusedcolor>white</focusedcolor>
			<label>Search</label>
			<visible>false</visible>
		</control>

		<control type="button" id="4009">
			<description>autoplaywith</description>
			<posx>285</posx>
			<posy>290</posy>
			<width>200</width>
			<height>40</height>
			<texturefocus>tvg-menu-focus.png</texturefocus>
			<texturenofocus>tvg-menu-nofocus.png</texturenofocus>
			<onup>4008</onup>
			<ondown>4001</ondown>
			<onleft>7004</onleft>
			<align>center</align>
			<aligny>center</aligny>
			<font>font13</font>
			<textcolor>white</textcolor>
			<focusedcolor>white</focusedcolor>
			<label>AutoPlayWith</label>
			<visible>false</visible>
		</control>
		
		<control type="label" id="4102">
			<!-- Show Title -->
			<posx>20</posx>
			<posy>470</posy>
			<width>200</width>
			<height>40</height>
			<align>center</align>
			<aligny>center</aligny>
			<font>font13</font>
			<textcolor>white</textcolor>
			<visible>false</visible>
		</control>

			
	</controls>
</window>
